1065,Aaliyah
641,Aarav
63,Aaron
1989,Aarya
1508,Abby
516,Abdiel
808,Abdullah
181,Abel
1013,Abigail
971,Abner
201,Abraham
555,Abram
199,Ace
1184,Ada
1749,Adalee
1285,Adaline
1139,Adalyn
1116,Adalynn
96,Adam
469,Adan
1469,Addilyn
1917,Addilynn
1047,Addison
1892,Addisyn
1793,Addyson
1274,Adelaide
1790,Adele
1537,Adelina
1100,Adeline
1235,Adelyn
1358,Adelynn
664,Aden
920,Adler
1538,Adley
222,Adonis
58,Adrian
1304,Adriana
1608,Adrianna
140,Adriel
624,Ahmad
629,Ahmed
935,Ahmir
261,Aidan
24,Aiden
1906,Aila
1541,Ailani
1695,Aileen
1880,Ainhoa
1354,Ainsley
1533,Aisha
1964,Aislinn
1367,Aitana
1120,Alaia
1196,Alaina
1774,Alaiya
194,Alan
1206,Alana
1221,Alani
1560,Alanna
820,Alaric
1339,Alaya
1283,Alayah
1247,Alayna
523,Albert
678,Alberto
670,Alden
784,Aldo
1582,Aleah
582,Alec
1597,Aleena
1544,Alejandra
211,Alejandro
1679,Alena
1368,Alessandra
623,Alessandro
1501,Alessia
182,Alex
1230,Alexa
10,Alexander
1137,Alexandra
1320,Alexandria
1734,Alexia
483,Alexis
1309,Alexis
902,Alfred
747,Alfredo
322,Ali
1572,Alia
1708,Aliana
1811,Alianna
1076,Alice
1414,Alicia
445,Alijah
1170,Alina
1436,Alison
1915,Alisson
963,Alistair
1253,Alivia
1866,Aliya
1189,Aliyah
1666,Aliza
823,Allan
463,Allen
1429,Allie
1080,Allison
1641,Allyson
1567,Alma
1518,Alondra
782,Alonso
471,Alonzo
1601,Alora
845,Alvaro
683,Alvin
1199,Alyssa
1561,Amaia
1570,Amalia
1447,Amanda
1660,Amani
1142,Amara
217,Amari
1334,Amari
1888,Amaris
1140,Amaya
1929,Amayah
1513,Amber
821,Ambrose
830,Ameer
1006,Amelia
1806,Amelie
699,Amias
1330,Amina
117,Amir
1284,Amira
1545,Amirah
1318,Amiyah
1363,Amora
703,Amos
1828,Amoura
1216,Amy
1245,Ana
1626,Anahi
1912,Anais
704,Anakin
1672,Analia
1158,Anastasia
1382,Anaya
628,Ander
831,Anders
307,Anderson
1807,Andi
281,Andre
1148,Andrea
219,Andres
52,Andrew
401,Andy
76,Angel
1440,Angel
1251,Angela
1573,Angelica
1290,Angelina
314,Angelo
1649,Angie
1753,Anika
1871,Aniya
1311,Aniyah
1068,Anna
1852,Annabella
1222,Annabelle
1441,Annalise
1625,Anne
1288,Annie
1835,Annika
1952,Ansley
41,Anthony
1558,Antonella
180,Antonio
1656,Anya
448,Apollo
1521,April
1202,Arabella
1992,Araceli
160,Archer
466,Archie
593,Ares
391,Ari
1486,Ari
1026,Aria
1401,Ariah
858,Arian
1079,Ariana
1123,Arianna
565,Ariel
1200,Ariel
1152,Ariella
1346,Arielle
890,Aries
1579,Ariya
1379,Ariyah
559,Arjun
220,Arlo
504,Armando
361,Armani
1493,Armani
743,Aron
1960,Artemis
162,Arthur
583,Arturo
1112,Arya
834,Aryan
507,Asa
32,Asher
1154,Ashley
1602,Ashlyn
1665,Ashlynn
136,Ashton
1224,Aspen
1901,Aspyn
1452,Astrid
1108,Athena
189,Atlas
742,Atreus
300,Atticus
1156,Aubree
1056,Aubrey
1750,Aubrie
1847,Aubriella
1791,Aubrielle
1060,Audrey
155,August
1856,August
711,Augustine
502,Augustus
1528,Aurelia
1036,Aurora
89,Austin
1082,Autumn
1003,Ava
1655,Avah
1759,Avalynn
1930,Avayah
1768,Averi
1426,Averie
212,Avery
1019,Avery
906,Avi
1514,Aviana
1385,Avianna
72,Axel
760,Axl
609,Axton
1788,Aya
456,Ayaan
903,Ayan
122,Ayden
867,Aydin
1131,Ayla
1966,Ayleen
1387,Aylin
1483,Azalea
685,Azariah
1853,Azariah
495,Aziel
929,Azrael
1849,Bailee
1171,Bailey
524,Baker
751,Banks
1899,Barbara
191,Barrett
1771,Baylee
460,Baylor
897,Bear
1550,Beatrice
109,Beau
209,Beckett
248,Beckham
1883,Belen
1064,Bella
728,Bellamy
1795,Bellamy
1999,Belle
770,Ben
774,Benicio
7,Benjamin
101,Bennett
551,Benson
885,Bentlee
142,Bentley
1818,Berkley
1603,Bethany
1848,Bexley
1423,Bianca
980,Bishop
780,Bjorn
891,Blaine
1333,Blair
1669,Blaire
939,Blaise
210,Blake
1219,Blake
1167,Blakely
852,Blaze
537,Bo
846,Bobby
824,Bode
825,Boden
295,Bodhi
611,Bodie
1604,Bonnie
577,Boone
595,Boston
394,Bowen
815,Braden
272,Bradley
305,Brady
1686,Braelyn
1443,Braelynn
166,Brandon
877,Branson
233,Brantley
132,Braxton
853,Brayan
111,Brayden
1896,Braylee
499,Braylen
535,Braylon
790,Brecken
717,Brendan
763,Brennan
915,Brett
1789,Bria
270,Brian
1616,Briana
1146,Brianna
755,Briar
1563,Briar
925,Bridger
1747,Bridget
1297,Briella
1099,Brielle
436,Briggs
1362,Brinley
1491,Bristol
1956,Brittany
616,Brixton
680,Brock
871,Brodie
179,Brody
847,Bronson
1237,Brooke
1054,Brooklyn
1262,Brooklynn
91,Brooks
497,Bruce
709,Bruno
257,Bryan
658,Bryant
234,Bryce
606,Brycen
1777,Brylee
1191,Brynlee
1884,Brynleigh
1332,Brynn
115,Bryson
785,Byron
376,Cade
242,Caden
1677,Cadence
381,Caiden
886,Cain
346,Cairo
936,Cal
56,Caleb
1292,Cali
798,Callahan
432,Callan
531,Callen
1165,Callie
1691,Calliope
335,Callum
922,Calum
143,Calvin
167,Camden
64,Cameron
1489,Cameron
1011,Camila
1257,Camilla
1264,Camille
876,Camilo
1405,Camryn
950,Canaan
543,Cannon
1685,Capri
1908,Cara
816,Carl
149,Carlos
1617,Carly
719,Carmelo
1433,Carmen
1451,Carolina
1071,Caroline
1953,Carolyn
84,Carson
33,Carter
1515,Carter
572,Case
737,Casen
521,Casey
265,Cash
662,Cason
764,Caspian
1650,Cassandra
1406,Cassidy
488,Cassius
893,Castiel
1383,Cataleya
1178,Catalina
1267,Catherine
266,Cayden
712,Cayson
1577,Cecelia
1147,Cecilia
969,Cedric
1353,Celeste
1784,Celia
1458,Celine
371,Cesar
697,Chaim
1798,Chana
286,Chance
569,Chandler
1977,Chandler
1714,Chanel
1275,Charlee
1477,Charleigh
46,Charles
1535,Charley
1417,Charli
204,Charlie
1122,Charlie
1004,Charlotte
123,Chase
1676,Chaya
1646,Chelsea
1581,Cheyenne
1027,Chloe
674,Chris
62,Christian
1621,Christina
47,Christopher
964,Cillian
1057,Claire
1103,Clara
1823,Clare
1909,Clarissa
390,Clark
644,Clay
288,Clayton
1610,Clementine
1885,Cleo
716,Clyde
297,Cody
940,Coen
282,Cohen
617,Colby
131,Cole
1529,Colette
285,Colin
464,Collin
1365,Collins
350,Colson
221,Colt
756,Colten
972,Colter
66,Colton
439,Conner
78,Connor
402,Conor
548,Conrad
74,Cooper
1088,Cora
1643,Coraline
347,Corbin
525,Corey
1954,Corinne
907,Cory
796,Creed
283,Crew
331,Cristian
801,Crosby
303,Cruz
1864,Crystal
684,Cullen
701,Curtis
1867,Cynthia
369,Cyrus
1352,Dahlia
1143,Daisy
665,Dakari
348,Dakota
1261,Dakota
1943,Dalary
1376,Daleyza
271,Dallas
1630,Dallas
467,Dalton
882,Damari
110,Damian
277,Damien
948,Damir
426,Damon
835,Dane
949,Dangelo
1802,Dani
14,Daniel
1229,Daniela
1413,Daniella
1448,Danielle
1488,Danna
567,Danny
301,Dante
1415,Daphne
832,Darian
608,Dariel
822,Dario
591,Darius
723,Darren
901,Darwin
802,Dash
981,Davian
28,David
1629,Davina
943,Davion
554,Davis
197,Dawson
475,Dax
289,Daxton
1609,Dayana
973,Dayton
515,Deacon
176,Dean
766,Deandre
1907,Deborah
102,Declan
1312,Delaney
1069,Delilah
1916,Della
856,Demetrius
1338,Demi
1872,Denise
1854,Denisse
646,Dennis
527,Denver
1894,Denver
311,Derek
552,Derrick
365,Desmond
1351,Destiny
384,Devin
672,Devon
560,Dexter
1244,Diana
125,Diego
848,Dilan
667,Dillon
951,Dion
868,Dior
1499,Dior
88,Dominic
446,Dominick
941,Dominik
610,Donald
374,Donovan
511,Dorian
1534,Dorothy
735,Douglas
533,Drake
1407,Dream
530,Drew
1944,Drew
637,Duke
1735,Dulce
978,Duncan
656,Dustin
43,Dylan
1496,Dylan
73,Easton
729,Eddie
490,Eden
1130,Eden
393,Edgar
599,Edison
1473,Edith
328,Eduardo
195,Edward
345,Edwin
1931,Egypt
1700,Eileen
873,Eithan
1249,Elaina
1519,Elaine
1022,Eleanor
1055,Elena
60,Eli
355,Elian
1053,Eliana
1392,Elianna
53,Elias
752,Eliel
993,Eliezer
4,Elijah
1971,Elina
1511,Elisa
1985,Elisabeth
1212,Elise
786,Eliseo
837,Elisha
1115,Eliza
1016,Elizabeth
1015,Ella
1371,Elle
1804,Ellen
1133,Elliana
1680,Ellianna
1029,Ellie
164,Elliot
1574,Elliot
158,Elliott
1479,Elliott
325,Ellis
1623,Ellis
1902,Ellison
1701,Elodie
1138,Eloise
1635,Elora
1918,Elsa
1233,Elsie
1718,Elyse
1978,Emani
409,Emanuel
1187,Ember
1554,Emberly
1449,Emelia
1522,Emely
1957,Emerald
1598,Emerie
267,Emerson
1155,Emerson
1164,Emersyn
738,Emery
1089,Emery
1040,Emilia
175,Emiliano
229,Emilio
1018,Emily
650,Emir
1002,Emma
1965,Emmaline
1712,Emmalyn
1986,Emmalynn
150,Emmanuel
1873,Emmeline
106,Emmett
1613,Emmie
509,Emmitt
1516,Emmy
818,Emory
1444,Emory
793,Enoch
503,Enrique
1588,Ensley
173,Enzo
1000,Ephraim
198,Eric
298,Erick
419,Erik
1520,Erin
648,Ermias
787,Ernesto
1398,Esme
1395,Esmeralda
1947,Esperanza
468,Esteban
1731,Estella
1799,Estelle
1153,Esther
1742,Estrella
13,Ethan
1927,Etta
840,Eugene
1093,Eva
105,Evan
1263,Evangeline
1471,Eve
1009,Evelyn
1327,Evelynn
982,Everest
90,Everett
1372,Everlee
1094,Everleigh
1043,Everly
1319,Evie
65,Ezekiel
362,Ezequiel
44,Ezra
1721,Ezra
420,Fabian
1136,Faith
1859,Fallon
1342,Fatima
1687,Faye
1386,Felicity
865,Felipe
225,Felix
1571,Fernanda
342,Fernando
304,Finley
1201,Finley
178,Finn
410,Finnegan
612,Finnley
1296,Fiona
908,Fisher
654,Fletcher
1932,Flora
1762,Florence
659,Flynn
459,Ford
811,Forest
470,Forrest
965,Foster
916,Fox
1416,Frances
1456,Francesca
481,Francis
296,Francisco
937,Franco
425,Frank
979,Frankie
1591,Frankie
414,Franklin
485,Frederick
1179,Freya
1958,Freyja
1889,Frida
38,Gabriel
1322,Gabriela
1077,Gabriella
1359,Gabrielle
112,Gael
477,Gage
1704,Galilea
367,Garrett
803,Gary
777,Gatlin
141,Gavin
1207,Gemma
828,Genesis
1062,Genesis
1169,Genevieve
133,George
1176,Georgia
958,Gerald
553,Gerardo
1328,Gia
1868,Giana
1012,Gianna
354,Gianni
1936,Giavanna
323,Gideon
1739,Giovanna
120,Giovanni
1331,Giselle
1699,Giuliana
1578,Gloria
960,Gordon
1028,Grace
1321,Gracelyn
1313,Gracelynn
1209,Gracie
396,Grady
184,Graham
213,Grant
898,Graysen
35,Grayson
433,Gregory
1743,Greta
775,Grey
81,Greyson
241,Griffin
1945,Guadalupe
836,Guillermo
528,Gunnar
308,Gunner
625,Gustavo
1819,Gwen
1377,Gwendolyn
1673,Hadassah
1857,Hadlee
1972,Hadleigh
1111,Hadley
198,Hailey
1373,Haisley
956,Hakeem
1517,Haley
1858,Halle
1374,Hallie
1939,Halo
657,Hamza
1755,Hana
482,Hank
1526,Hanna
1039,Hannah
686,Harlan
1752,Harlee
1993,Harleigh
911,Harlem
781,Harley
1291,Harley
1324,Harlow
1709,Harmoni
1175,Harmony
932,Harold
1010,Harper
988,Harris
114,Harrison
720,Harry
413,Harvey
817,Hassan
1425,Hattie
1310,Haven
177,Hayden
1294,Hayden
245,Hayes
1782,Haylee
1674,Hayley
1031,Hazel
983,Heath
1422,Heaven
364,Hector
1381,Heidi
1424,Helen
1509,Helena
284,Hendrix
1584,Henley
894,Henrik
9,Henry
581,Hezekiah
228,Holden
1711,Holland
1481,Holly
1204,Hope
734,Houston
42,Hudson
744,Hugh
424,Hugo
69,Hunter
1829,Hunter
539,Huxley
83,Ian
437,Ibrahim
829,Idris
380,Iker
1865,Ila
1890,Iliana
1523,Imani
1736,Indie
805,Ira
1624,Irene
1127,Iris
39,Isaac
1157,Isabel
1830,Isabela
1007,Isabella
1121,Isabelle
51,Isaiah
472,Isaias
841,Ishaan
1044,Isla
349,Ismael
237,Israel
805,Issac
1754,Itzayana
1565,Itzel
153,Ivan
1596,Ivanna
1599,Ivory
1058,Ivy
1910,Iyla
1341,Izabella
489,Izaiah
952,Jabari
97,Jace
21,Jack
17,Jackson
15,Jacob
909,Jacoby
1442,Jacqueline
974,Jad
1546,Jada
1097,Jade
293,Jaden
854,Jadiel
1979,Jaelynn
718,Jagger
395,Jaiden
562,Jaime
899,Jair
878,Jakari
319,Jake
883,Jakob
838,Jakobe
549,Jalen
1530,Jaliyah
912,Jamal
584,Jamari
6,James
79,Jameson
715,Jamie
1710,Jamie
663,Jamir
480,Jamison
1265,Jane
1670,Janelle
1719,Janiyah
368,Jared
474,Jase
532,Jasiah
1141,Jasmine
119,Jason
138,Jasper
249,Javier
246,Jax
984,Jaxen
48,Jaxon
85,Jaxson
375,Jaxton
585,Jaxtyn
884,Jaxx
799,Jaxxon
382,Jay
151,Jayce
1968,Jaycee
399,Jayceon
1631,Jayda
37,Jayden
1301,Jayla
1732,Jaylah
1925,Jaylee
1549,Jayleen
318,Jaylen
1862,Jaylin
529,Jayson
580,Jaziel
1547,Jazlyn
1637,Jazmin
1778,Jazmine
725,Jedidiah
707,Jefferson
994,Jeffery
385,Jeffrey
1583,Jemma
1926,Jenesis
1548,Jenna
1434,Jennifer
302,Jensen
75,Jeremiah
944,Jeremias
231,Jeremy
989,Jericho
602,Jerry
203,Jesse
1399,Jessica
1716,Jessie
169,Jesus
278,Jett
1850,Jianna
1961,Jillian
1510,Jimena
726,Jimmy
1258,Joanna
306,Joaquin
1268,Jocelyn
733,Joe
207,Joel
1765,Joelle
895,Joey
598,Johan
1644,Johanna
27,John
418,Johnathan
389,Johnny
1474,Jolene
1720,Jolie
812,Jon
128,Jonah
486,Jonas
70,Jonathan
946,Jones
82,Jordan
1435,Jordan
1194,Jordyn
273,Jorge
94,Jose
26,Joseph
1086,Josephine
54,Joshua
50,Josiah
1134,Josie
275,Josue
1203,Journee
1298,Journey
1705,Journi
961,Jovanni
1922,Jovie
1396,Joy
1983,Joyce
739,Joziah
145,Juan
186,Judah
154,Jude
1903,Judith
879,Judson
826,Juelz
1107,Julia
34,Julian
1188,Juliana
1269,Julianna
1614,Julie
586,Julien
1306,Juliet
1615,Julieta
1180,Juliette
546,Julio
1783,Julissa
334,Julius
1182,June
748,Junior
1172,Juniper
666,Justice
1575,Justice
168,Justin
859,Kabir
791,Kace
360,Kade
254,Kaden
2000,Kadence
93,Kai
1794,Kai
1302,Kaia
139,Kaiden
1282,Kailani
1840,Kailey
1824,Kairi
279,Kairo
869,Kaiser
1756,Kaisley
454,Kaison
1487,Kaitlyn
1980,Kaiya
1397,Kalani
232,Kaleb
995,Kalel
1252,Kali
1564,Kaliyah
1769,Kallie
387,Kamari
1946,Kamari
478,Kamden
962,Kamdyn
299,Kameron
1214,Kamila
1827,Kamilah
1688,Kamiyah
855,Kamryn
1459,Kamryn
337,Kane
534,Kannon
1671,Kara
638,Kareem
1831,Karen
1611,Karina
1675,Karla
264,Karson
694,Karsyn
1612,Karsyn
161,Karter
1887,Karter
833,Kase
476,Kasen
255,Kash
441,Kashton
366,Kason
1652,Kassidy
1766,Kataleya
1557,Katalina
1411,Kate
1681,Katelyn
1135,Katherine
1536,Kathryn
1484,Katie
99,Kayden
1692,Kaydence
1217,Kayla
1340,Kaylani
1117,Kaylee
1439,Kayleigh
105,Kaylie
561,Kaysen
294,Kayson
512,Keanu
690,Keaton
494,Keegan
990,Keenan
1168,Kehlani
1763,Keilani
1851,Keily
1464,Keira
596,Keith
687,Kellan
792,Kellen
1748,Kelly
1527,Kelsey
923,Kelvin
1314,Kendall
1551,Kendra
427,Kendrick
1923,Kenia
904,Kenji
1689,Kenna
1524,Kennedi
1072,Kennedy
243,Kenneth
1453,Kensley
1369,Kenzie
544,Kenzo
156,Kevin
1839,Keyla
1900,Khalani
1733,Khaleesi
896,Khalid
276,Khalil
675,Khari
1160,Khloe
794,Kiaan
452,Kian
1897,Kiana
1308,Kiara
517,Kieran
351,Killian
1682,Kimber
1185,Kimberly
1962,Kimora
171,King
630,Kingsley
118,Kingston
1431,Kinley
1728,Kinslee
1059,Kinsley
1384,Kira
236,Knox
587,Koa
239,Kobe
590,Koda
955,Kody
105,Kohen
849,Kole
444,Kolton
1492,Kora
710,Korbin
991,Korbyn
1780,Kori
705,Krew
819,Kristian
827,Kristopher
809,Kye
1490,Kyla
526,Kylan
313,Kyle
1531,Kylee
1836,Kyleigh
900,Kylen
244,Kyler
996,Kylian
1132,Kylie
449,Kylo
892,Kyng
1808,Kynlee
1678,Kyra
594,Kyree
223,Kyrie
850,Kyro
461,Kyson
1717,Lacey
702,Lachlan
1225,Laila
1364,Lainey
1390,Lana
757,Lance
589,Landen
68,Landon
953,Landry
1879,Landry
622,Landyn
256,Lane
1657,Laney
695,Langston
1706,Lara
842,Larry
1357,Laura
1683,Laurel
1232,Lauren
1713,Lauryn
564,Lawrence
357,Lawson
1024,Layla
1785,Laylah
1996,Laylani
668,Layne
1920,Layne
620,Layton
1751,Lea
1045,Leah
642,Leandro
1895,Leanna
626,Ledger
768,Lee
767,Legacy
1500,Legacy
127,Legend
1295,Leia
917,Leif
740,Leighton
1400,Leighton
1205,Leila
1092,Leilani
1796,Leilany
473,Leland
1270,Lena
688,Lennon
1299,Lennon
291,Lennox
1587,Lennox
36,Leo
196,Leon
1482,Leona
634,Leonard
86,Leonardo
344,Leonel
455,Leonidas
930,Leroy
1600,Leslie
18,Levi
498,Lewis
1366,Lexi
1911,Lexie
1586,Leyla
1289,Lia
1,Liam
795,Lian
1461,Liana
1653,Liberty
1226,Lila
1239,Lilah
1654,Lilian
1110,Liliana
1842,Lilianna
1316,Lilith
1046,Lillian
1345,Lilliana
1724,Lillie
1231,Lilly
1035,Lily
1881,Lilyana
1684,Lina
40,Lincoln
1825,Linda
660,Lionel
1667,Liv
1812,Livia
727,Lochlan
16,Logan
1317,Logan
1240,Lola
872,London
1195,London
1162,Londyn
1525,Lorelai
1506,Lorelei
152,Lorenzo
1948,Loretta
771,Louie
260,Louis
1725,Louisa
1690,Louise
67,Luca
8,Lucas
457,Lucca
1163,Lucia
639,Lucian
1408,Luciana
412,Luciano
1271,Lucille
1049,Lucy
1987,Luella
137,Luis
1990,Luisa
163,Luka
218,Lukas
31,Luke
1014,Luna
1764,Lyanna
1096,Lydia
1118,Lyla
1592,Lylah
1552,Lyra
959,Lyric
1412,Lyric
1427,Mabel
933,Mac
1455,Maci
1532,Macie
501,Mack
1119,Mackenzie
1618,Macy
1813,Madalyn
1994,Madalynn
814,Madden
1475,Maddison
170,Maddox
1394,Madeleine
1095,Madeline
1066,Madelyn
1480,Madelynn
1325,Madilyn
1507,Madilynn
1023,Madison
1726,Madisyn
1576,Mae
1173,Maeve
1997,Magdalena
1293,Maggie
1177,Magnolia
806,Magnus
1498,Maia
1409,Maisie
918,Maison
352,Major
550,Makai
1326,Makayla
1402,Makenna
1344,Makenzie
157,Malachi
287,Malakai
1495,Malani
1668,Malaya
1949,Malayah
1622,Malaysia
290,Malcolm
1869,Maleah
1259,Malia
373,Malik
1463,Maliyah
1568,Mallory
321,Manuel
1627,Mara
689,Marcel
1973,Marceline
741,Marcellus
640,Marcelo
392,Marco
479,Marcos
227,Marcus
1438,Maren
1126,Margaret
1760,Margo
1234,Margot
1109,Maria
1305,Mariah
1632,Mariam
1276,Mariana
1832,Marianna
1619,Marie
1636,Marilyn
1707,Marina
329,Mario
1974,Marisol
235,Mark
1430,Marlee
1722,Marleigh
942,Marley
1211,Marley
985,Marlon
1921,Marlowe
363,Marshall
1772,Martha
292,Martin
607,Marvin
1124,Mary
1503,Maryam
11,Mason
20,Mateo
713,Mathew
428,Mathias
216,Matias
1478,Matilda
174,Matteo
30,Matthew
435,Matthias
857,Maurice
632,Mauricio
49,Maverick
1841,Mavis
147,Max
491,Maximilian
263,Maximiliano
754,Maximo
250,Maximus
1737,Maxine
986,Maxton
146,Maxwell
1061,Maya
1998,Mazikeen
926,Mccoy
1272,Mckenna
1278,Mckenzie
1555,Mckinley
1476,Meadow
1638,Megan
1878,Meghan
1886,Meilani
778,Mekhi
1995,Melani
1105,Melanie
1645,Melany
1648,Melina
1348,Melissa
1106,Melody
753,Melvin
458,Memphis
1814,Mercy
1585,Meredith
190,Messiah
1008,Mia
107,Micah
12,Michael
1647,Michaela
1336,Michelle
188,Miguel
1757,Mikaela
1543,Mikayla
1020,Mila
429,Milan
1642,Milan
1698,Milana
1287,Milani
1821,Milena
59,Miles
1740,Miley
696,Miller
1190,Millie
134,Milo
1662,Mina
1485,Mira
1388,Miracle
1542,Miranda
1280,Miriam
813,Misael
722,Mitchell
556,Mohamed
661,Mohammad
635,Mohammed
506,Moises
1174,Molly
1703,Monica
1539,Monroe
934,Mordechai
691,Morgan
1193,Morgan
496,Moses
538,Moshe
309,Muhammad
967,Murphy
1969,Murphy
745,Musa
1242,Mya
1277,Myla
1745,Mylah
124,Myles
804,Mylo
1556,Myra
1468,Nadia
1693,Nala
1593,Nalani
1893,Nancy
1052,Naomi
240,Nash
359,Nasir
1084,Natalia
1051,Natalie
1941,Nataly
1950,Natasha
1981,Nathalia
1914,Nathalie
55,Nathan
721,Nathanael
126,Nathaniel
1658,Navy
1758,Naya
1420,Nayeli
378,Nehemiah
749,Neil
1837,Nellie
671,Nelson
1083,Nevaeh
1494,Nia
87,Nicholas
317,Nico
202,Nicolas
1266,Nicole
887,Niklaus
358,Niko
547,Nikolai
603,Nikolas
1329,Nina
651,Nixon
1466,Noa
2,Noah
1876,Noah
677,Noe
415,Noel
1210,Noelle
1781,Noemi
1553,Nola
61,Nolan
1882,Noor
1030,Nora
1151,Norah
758,Nova
1038,Nova
1569,Novah
1815,Novalee
1248,Nyla
1403,Nylah
1970,Nyomi
1620,Oaklee
1860,Oakleigh
421,Oakley
1281,Oakley
1566,Oaklyn
1307,Oaklynn
800,Ocean
1335,Octavia
332,Odin
1197,Olive
3,Oliver
1001,Olivia
253,Omar
500,Omari
613,Onyx
1659,Opal
1391,Ophelia
326,Orion
779,Orlando
215,Oscar
910,Osiris
649,Otis
386,Otto
22,Owen
383,Pablo
1273,Paige
1378,Paislee
1863,Paisleigh
1050,Paisley
1984,Paityn
1347,Palmer
1940,Paloma
1955,Paola
1419,Paris
95,Parker
1128,Parker
205,Patrick
252,Paul
1822,Paula
1826,Paulina
262,Paxton
1218,Payton
1773,Pearl
411,Pedro
1025,Penelope
1727,Penny
1820,Persephone
214,Peter
430,Peyton
1098,Peyton
451,Philip
518,Phillip
1256,Phoebe
238,Phoenix
1286,Phoenix
505,Pierce
1091,Piper
1462,Poppy
423,Porter
1213,Presley
226,Preston
320,Prince
1797,Princess
417,Princeton
1562,Priscilla
1855,Promise
1967,Queen
540,Quentin
604,Quincy
440,Quinn
1085,Quinn
682,Quinton
1227,Rachel
1254,Raegan
1370,Raelyn
1104,Raelynn
247,Rafael
403,Raiden
1809,Raina
761,Ramon
1816,Ramona
862,Randy
514,Raphael
1933,Raquel
558,Raul
1418,Raven
724,Ray
1937,Raya
614,Rayan
730,Rayden
615,Raylan
312,Raymond
1702,Rayna
1775,Rayne
1114,Reagan
1250,Rebecca
1786,Rebekah
588,Reece
450,Reed
731,Reese
1144,Reese
1432,Regina
987,Reginald
315,Reid
643,Reign
1356,Reign
1590,Reina
765,Remi
1125,Remi
230,Remington
1360,Remington
356,Remy
1497,Remy
1512,Renata
976,Rene
919,Reuben
681,Rex
888,Rey
1594,Reyna
1628,Rhea
159,Rhett
422,Rhys
338,Ricardo
208,Richard
692,Ricky
627,Ridge
945,Riggs
258,Riley
1033,Riley
783,Rio
129,River
1186,River
1805,Rivka
80,Robert
438,Roberto
866,Robin
1904,Robin
492,Rocco
860,Rocky
863,Rodney
575,Rodrigo
999,Rogelio
679,Roger
797,Rohan
568,Roland
77,Roman
970,Rome
377,Romeo
1664,Romina
557,Ronald
269,Ronan
388,Ronin
330,Rory
1457,Rory
1639,Rosa
1787,Rosalee
1744,Rosalia
1198,Rosalie
1843,Rosalyn
1113,Rose
1723,Roselyn
1445,Rosemary
1470,Rosie
113,Rowan
1255,Rowan
541,Rowen
574,Roy
404,Royal
1767,Royal
1393,Royalty
405,Royce
465,Ruben
1074,Ruby
861,Rudy
370,Russell
1220,Ruth
57,Ryan
1450,Ryan
1779,Ryann
108,Ryder
148,Ryker
327,Rylan
1870,Rylan
519,Ryland
1102,Rylee
1159,Ryleigh
1355,Rylie
1389,Sabrina
1078,Sadie
442,Sage
1223,Sage
1595,Saige
578,Saint
807,Salem
1607,Salem
698,Salvador
954,Salvatore
653,Sam
1090,Samantha
1350,Samara
647,Samir
1924,Samira
571,Samson
25,Samuel
542,Santana
71,Santiago
443,Santino
913,Santos
1741,Saoirse
1183,Sara
1087,Sarah
1472,Sarai
1844,Sariah
1833,Sariyah
1605,Sasha
579,Saul
1640,Savanna
1067,Savannah
116,Sawyer
1238,Sawyer
1300,Saylor
1446,Scarlet
1021,Scarlett
1838,Scarlette
563,Scott
1874,Scout
336,Sean
19,Sebastian
1428,Selah
1241,Selena
1800,Selene
1421,Serena
1070,Serenity
379,Sergio
434,Seth
927,Seven
1761,Sevyn
508,Shane
453,Shawn
1928,Shay
1502,Shelby
928,Shepard
605,Shepherd
618,Shiloh
1454,Shiloh
1634,Siena
1166,Sienna
1540,Sierra
100,Silas
251,Simon
1875,Simone
600,Sincere
1801,Sky
1467,Skye
1633,Skyla
1063,Skylar
566,Skyler
1465,Skyler
1663,Sloan
1181,Sloane
1017,Sofia
406,Solomon
536,Sonny
1005,Sophia
1075,Sophie
510,Soren
316,Spencer
732,Stanley
874,Stefan
1042,Stella
1437,Stephanie
324,Stephen
400,Sterling
487,Stetson
224,Steven
1410,Stevie
1951,Stormi
398,Sullivan
1149,Summer
1696,Sunny
576,Sutton
1323,Sutton
1243,Sydney
592,Sylas
1504,Sylvia
1776,Sylvie
700,Tadeo
1337,Talia
788,Talon
333,Tanner
353,Tate
493,Tatum
1343,Tatum
597,Taylor
1161,Taylor
1192,Teagan
1746,Teresa
966,Terrance
931,Terry
1279,Tessa
789,Thaddeus
1803,Thalia
839,Thatcher
1303,Thea
172,Theo
1834,Theodora
23,Theodore
165,Thiago
45,Thomas
1694,Tiana
1792,Tiffany
193,Timothy
1715,Tinsley
673,Titan
343,Titus
268,Tobias
706,Tomas
746,Tommy
633,Tony
1845,Tori
759,Trace
339,Travis
1729,Treasure
938,Trent
621,Trenton
407,Trevor
693,Trey
1228,Trinity
484,Tripp
183,Tristan
851,Tristen
416,Troy
810,Tru
957,Truett
192,Tucker
997,Turner
652,Ty
130,Tyler
372,Tyson
875,Ulises
636,Uriah
462,Uriel
1817,Vada
769,Valentin
1073,Valentina
619,Valentino
1150,Valeria
1145,Valerie
1905,Valery
870,Van
977,Vance
1208,Vanessa
1938,Veda
1246,Vera
1380,Veronica
762,Vicente
200,Victor
1034,Victoria
1810,Vienna
714,Vihaan
121,Vincent
736,Vincenzo
1037,Violet
1891,Violeta
1982,Violette
1580,Virginia
1101,Vivian
1404,Viviana
1260,Vivienne
340,Wade
206,Walker
914,Wallace
274,Walter
341,Warren
601,Watson
1738,Waverly
103,Waylon
773,Wayne
545,Wells
992,Wes
98,Wesley
843,Wesson
772,Westin
750,Westley
104,Weston
1942,Whitley
1934,Whitney
431,Wilder
947,Will
1349,Willa
5,William
998,Willie
1048,Willow
655,Wilson
1770,Winnie
408,Winston
1315,Winter
1361,Wren
1898,Wrenley
29,Wyatt
1375,Wynter
187,Xander
92,Xavier
1129,Ximena
1606,Xiomara
975,Xzavier
880,Yahir
1988,Yamileth
1651,Yara
1846,Yareli
1505,Yaretzi
1975,Yasmin
844,Yehuda
708,Yosef
864,Yousef
570,Yusuf
520,Zachariah
135,Zachary
889,Zahir
1589,Zahra
669,Zaid
513,Zaiden
573,Zain
1959,Zainab
522,Zaire
905,Zakai
280,Zander
259,Zane
1730,Zaniyah
1215,Zara
1861,Zaria
1460,Zariah
1697,Zariyah
881,Zavier
776,Zayd
185,Zayden
1661,Zaylee
310,Zayn
397,Zayne
924,Zechariah
676,Zeke
1559,Zelda
1976,Zendaya
921,Zev
1991,Zhuri
144,Zion
1041,Zoe
1032,Zoey
1963,Zoie
1935,Zola
1877,Zora
1919,Zoya
1236,Zuri
968,Zyair
447,Zyaire